"contact_id","Client_ID","Name","subclients","total_cases","sum_checks","requesting","processing","mailed","wired","last_email",
"18293","70000003","Acadia Trust, N.A.","252","38","78507.5100","0","0","252","0","2015-08-13 17:45:46",
"13315","70000010","Arcadia Capital LLC","1","1","926.0400","1","0","0","0","",
"17543","70000024","Becker Capital Management","463","21","80140.2700","0","2","461","0","",
"912","70000025","Bedrock Trading","3","3","1532.8300","0","0","3","0","",
"18818","70000042","Brooks, Robert","6","4","1409.2700","0","0","6","0","2015-08-13 17:45:46",
"17412","70000046","CCM Investment Advisors","686","17","63009.8800","0","1","685","0","2015-03-17 18:40:38",
"18929","70000047","CJ Capital Management","50","19","12125.3900","0","1","49","0","2015-08-26 14:13:45",
"18794","70000058","Charter Trust Company","711","38","73563.2100","0","0","711","0","2015-08-13 17:51:38",
"17564","70000066","Crawford Investment Counsel","314","10","74648.4500","181","24","109","0","2015-08-26 13:57:29",
"19139","70000069","Crosslink Capital","28","13","342592.0700","0","0","28","0","2015-08-13 17:51:38",
"17569","70000072","Dalton, Greiner, Hartman, Maher & Co. LLC","17","7","52636.3500","0","0","17","0","",
"18594","70000079","Dileonardo, Frank","6","5","3921.2300","6","0","0","0","",
"1629","70000094","First Security Capital Management","6","3","209.1500","0","0","6","0","2014-11-13 19:44:44",
"11817","70000097","Crestview Capital Master Fund L.P.","6","6","48462.4700","0","0","6","0","",
"16562","70000098","First Derivative Traders","38","23","54308.9700","0","0","37","0","2015-08-13 20:02:06",
"16561","70000101","G&K Partners","7","7","16138.7600","0","0","7","0","",
"18728","70000111","Goldschmidt, Marc","3","1","405.0300","0","0","3","0","",
"2082","70000120","Haywood Securities","598","58","418942.5700","0","0","598","0","",
"2166","70000123","Horwitz & Associates Inc.","1748","66","338823.2200","294","304","1150","0","2015-08-13 19:26:48",
"19172","70000124","Howland Capital Mgmt.","651","23","425617.2000","0","311","219","0","",
"18297","70000126","Investors Capital LLC","2","2","728.0800","0","0","2","0","",
"17755","70000127","Ironwood Investment Management","144","11","55075.4100","57","0","87","0","2015-03-19 16:25:40",
"19045","70000143","Keep Trading, LLC","4","4","132.6800","0","0","4","0","",
"18806","70000145","Koplow Family","131","48","6621.4200","4","30","82","0","",
"1597","70000148","Kresl, James/First Illinois Securities","2","1","166.9300","2","0","0","0","",
"18727","70000163","MOG Capital","1","1","234.1000","1","0","0","0","",
"2806","70000164","Mack Investment Securities","75","4","9933.6000","75","0","0","0","",
"2891","70000170","Maximum Financial","30","17","26139.7500","0","0","22","8","",
"2930","70000180","McMillion Capital Management","237","18","19352.0100","1","0","236","0","2015-08-13 20:02:06",
"9201","70000182","Merlin BioMed","42","3","59470.0800","0","0","0","0","",
"5684","70000192","Option Opportunities","28","17","99922.9900","8","0","0","0","2015-08-26 14:07:12",
"5102","70000194","PTI Securities","92","19","27545.1700","92","0","0","0","2015-08-13 19:20:37",
"3268","70000199","Parks, James C.","12","3","1278.4700","12","0","0","0","",
"17941","70000200","Parthenon LLC","302","12","49914.7400","0","193","109","0","2015-08-14 15:49:36",
"17973","70000205","Private Capital Management","151","22","13178.0400","0","0","151","0","2015-08-13 19:20:37",
"18518","70000212","Redwood Partners, LLC","13","7","27225.8400","0","0","13","0","2015-08-13 18:18:20",
"18324","70000215","Rein, Damon","5","3","8406.0700","1","0","0","0","",
"18014","70000220","Rochdale","2736","68","568389.6800","68","0","2640","0","",
"3860","70000223","Rumfolo & Associates","4","4","14761.0300","0","0","4","0","",
"16509","70000224","Rusinak, Anthony","3","2","1008.4000","1","0","0","0","2014-11-17 15:44:40",
"17290","70000229","EMS Trading","6","5","1846.4700","0","0","6","0","2015-08-13 17:51:38",
"19275","70000232","Sapphire Partners","36","23","141221.9000","0","0","36","0","2015-08-13 18:30:31",
"18078","70000243","Sparrow Capital Management","264","14","243209.8900","3","0","261","0","2015-08-13 20:07:25",
"19624","70000248","Stock Yards Trust Co.","157","31","53746.3600","0","0","157","0","",
"18857","70000249","Stoff, James","6","6","1081.6400","5","0","0","0","2015-03-18 14:38:29",
"1080","70000257","Tempest Trading Partners","1","1","2453.2800","1","0","0","0","",
"18305","70000258","The Trust Company of Oklahoma","961","3","26173.5000","0","0","961","0","2015-08-13 18:30:31",
"4618","70000261","U S Securities","27","15","6400.9700","26","0","1","0","2015-08-14 16:02:32",
"18993","70000266","Wakley & Roberton","32","12","6395.4200","0","0","32","0","2015-03-17 15:35:37",
"18440","70000271","Weiskopf Silver Equities","60","28","85668.2900","0","0","60","0","2015-08-13 20:02:06",
"19148","70000279","Woodley Farra Manion Portfolio Management","574","24","97310.8300","0","10","564","0","2014-11-14 15:02:02",
"19568","70000284","Brandon Court Associates","9","9","2304.8100","9","0","0","0","2015-08-13 19:24:07",
"19387","70000285","SPC Financial","559","39","43351.1300","0","141","418","0","",
"18940","70000287","Hutchens Investment Management","13","6","1262.8300","13","0","0","0","2015-03-19 16:34:46",
"18097","70000305","Stratton Management","431","29","59139.5700","0","80","351","0","2015-08-13 19:20:37",
"11096","70000306","Whitebox Advisors","1","1","58166.1400","0","0","1","0","",
"19881","70000307","Torrington Savings Bank","70","13","7691.7200","0","0","70","0","2015-08-13 18:30:31",
"12594","70000309","National Bank of Indianapolis","584","49","53173.7500","0","0","584","0","2015-08-13 18:18:20",
"14404","70000310","Greenwood Gearhart","77","10","8230.6600","59","0","18","0","2015-03-19 14:21:12",
"12811","70000311","Tompkins Investment Services","1010","50","148430.5700","0","421","589","0","2015-03-17 15:35:37",
"169","70000317","Johnston Lemon Asset Management","72","17","5263.5200","17","10","29","0","2015-08-13 20:02:06",
"11615","70000318","Consolidated Financial Investments","1","1","728.8800","0","0","1","0","",
"20067","70000322","The National Bank of Blacksburg","70","10","16111.8700","8","0","62","0","2015-08-14 15:49:36",
"18059","70000324","Silvercrest Asset Management Group LLC","1515","51","338374.4140","0","154","1361","0","2015-08-06 19:18:17",
"19954","70000326","Otter Creek Management","9","9","91094.8300","4","0","5","0","2015-03-19 14:21:12",
"19574","70000329","Farmers & Merchants Trust Co.","133","22","17541.6000","0","0","133","0","2015-08-13 17:51:38",
"13826","70000330","Community Bank of San Joaquin (TMN)","41","15","2787.7200","9","0","32","0","2015-08-26 13:57:29",
"20289","70000331","First Northern Bank (TMN)","8","6","96.2500","0","0","8","0","2015-03-19 16:34:46",
"20290","70000332","Rabobank, N.A.; Trust Division (TMN)","77","22","6450.8800","0","0","77","0","2015-08-13 18:18:20",
"20291","70000333","Guaranty Bond Bank (TMN)","9","6","176.2600","0","1","8","0","2015-08-26 13:57:29",
"13754","70000334","Core Bank Trust","21","7","971.0200","3","0","18","0","2015-03-18 16:15:23",
"20288","70000335","Bank of the West El Paso, TX (TMN)","36","17","2308.0600","0","4","32","0","2015-08-26 13:57:29",
"20293","70000336","First National Bank of Midland (TMN)","5","5","1435.9900","1","0","4","0","2014-11-17 14:52:23",
"20007","70000337","Commerce National Bank & Trust (TMN)","14","11","1608.9640","0","0","14","0","2015-08-14 16:19:45",
"20009","70000338","United Southern Bank (TMN)","61","19","6732.7900","0","0","61","0","2015-08-13 18:30:31",
"12012","70000339","Essex Savings Bank (TMN)","109","33","6905.7400","0","0","109","0","2015-08-14 16:19:45",
"12226","70000340","Cornerstone Management","428","48","57854.1500","4","4","420","0","2015-08-13 19:30:42",
"20053","70000342","FSGBank, NA","232","37","89132.3200","0","0","232","0","2015-08-13 18:11:09",
"19690","70000343","KBW Financial Services Master Fund, Ltd.","13","12","256927.3200","0","0","13","0","2015-08-13 18:14:44",
"20208","70000344","Peoples Bank","174","22","11640.5100","0","0","174","0","2015-08-13 18:18:20",
"20401","70000345","Carlsbad National Bank","34","8","3977.1700","0","0","34","0","2015-03-18 16:15:23",
"13756","70000346","Central Bank & Trust Co","306","38","27194.1600","0","0","306","0","2015-08-13 17:51:38",
"20421","70000347","Wave Services, Inc.","17","10","679.7900","17","0","0","0","2015-08-14 15:49:36",
"12181","70000348","Boston Private Bank & Trust Co.","278","28","38182.3760","4","56","218","0","",
"19682","70000349","Independence Trust Company","139","25","17003.7300","0","0","139","0","2015-08-13 18:14:44",
"20397","70000350","Merchants Bank, NA","100","12","14071.2100","0","29","71","0","2015-08-14 16:13:03",
"20411","70000351","Community Bank & Trust","57","10","3059.5200","0","0","57","0","2015-08-13 17:51:38",
"20466","70000352","Legacy Trust Company","82","26","4403.8100","0","0","82","0","2015-08-13 18:14:44",
"20458","70000354","MidAmerica National Bank","106","14","6693.7900","0","0","106","0","2015-08-13 18:14:44",
"20454","70000355","Smithfield Trust Company","291","35","315603.2100","0","0","291","0","2015-08-13 18:30:31",
"20386","70000356","Oregon Pacific Bank","13","8","1202.0100","0","0","13","0","2015-08-13 18:18:20",
"20033","70000357","High Point Bank and Trust Company","478","40","28981.2700","0","0","478","0","2015-08-13 18:14:44",
"20457","70000358","Community Bank and Trust of Florida","141","11","8939.8400","107","0","34","0","2015-08-26 13:57:29",
"20453","70000359","First State Bank, Gainsville TX","20","13","2323.2200","0","0","20","0","",
"20460","70000360","First National Ft. Smith","92","36","9239.1500","0","28","64","0","2015-08-26 13:57:29",
"46949","70000361","Bank of the Universe","2","1","","0","0","0","0","2015-03-19 16:34:46",
"20464","70000362","Aligned Partners Trust Company","70","27","7634.5600","0","12","58","0","",
"19057","70000363","Bar Harbor Trust Services","155","20","5499.5300","0","0","155","0","2015-08-13 17:45:46",
"20448","70000364","Superior National Bank","59","11","20784.7500","0","0","59","0","2015-08-13 18:30:31",
"20510","70000365","Tygh Capital Management Inc","4","4","4659.9800","0","0","4","0","",
"20396","70000367","Triumph Community Bank","3","2","957.3600","1","0","2","0","2015-08-13 18:30:31",
"20426","70000368","Park Sterling Bank","261","30","19961.7200","0","0","261","0","2015-08-13 18:18:20",
"20399","70000369","Legacy Banks","39","6","1029.0500","0","0","39","0","",
"20404","70000370","The Croghan Colonial Bank","104","12","6230.5700","0","0","104","0","2015-08-14 15:49:36",
"20400","70000373","Illinois National Bank","49","19","6648.9300","0","0","49","0","2015-08-13 18:14:44",
"20903","70000376","Longview Asset Management, LLC.","5","2","47896.8900","0","0","5","0","2015-08-14 16:13:03",
"21371","70000378","Private Harbour Investment Management","347","14","22133.8600","0","0","347","0","2015-08-13 19:20:37",
"21003","70000382","Summit Investment Advisors, Inc","37","10","3030.1200","0","0","37","0","2015-08-13 19:20:37",
"20423","70000387","Commercial Bank and Trust of PA","48","14","5299.5400","0","13","35","0","2015-08-26 13:57:29",
"20027","70000388","First United Bank and Trust","411","23","158137.5400","0","0","411","0","2015-08-13 18:11:09",
"20058","70000389","Amegy Bank","328","29","37829.4600","0","0","328","0","2015-08-13 17:45:46",
"20218","70000390","Security National Trust Company","404","32","29899.4320","0","0","404","0","2015-08-13 18:30:31",
"20418","70000391","ESB Financial","22","3","2836.2600","0","0","22","0","2015-08-13 17:51:38",
"20523","70000392","Douglas Capital Management","66","7","17289.4100","0","29","37","0","2015-08-26 14:07:12",
"20072","70000393","Mid Wisconsin Bank dba MIDWIS","137","11","11015.6300","0","0","137","0","",
"20006","70000394","First National Bank of Mount Dora","357","14","9873.4400","0","0","357","0","2015-08-13 18:11:09",
"20439","70000395","Greenfield Savings Bank","130","18","3654.7500","0","0","130","0","2015-08-13 18:14:44",
"7585","70000396","Cornerstone Bank","43","12","1671.0800","0","0","43","0","2015-08-13 17:51:38",
"20499","70000399","The Kish Bank","10","4","634.3900","0","0","10","0","2015-08-14 15:49:36",
"20026","70000400","Danversbank","91","6","2572.7800","91","0","0","0","2015-03-17 15:28:37",
"20375","70000401","Proffitt & Goodson Inc","156","10","8338.7800","0","0","156","0","2015-08-14 15:49:36",
"20450","70000402","American National Bank","537","33","61776.8100","123","0","414","0","2015-08-13 20:02:06",
"20046","70000405","Orrstown Bank","135","17","4644.9200","0","0","135","0","2015-08-13 18:18:20",
"20506","70000406","Burns and Levinson Asset Management","70","13","3611.9800","0","0","70","0","",
"20064","70000407","Texas Capital Bank","520","31","59919.6900","0","0","176","344","2015-08-13 19:20:37",
"20016","70000408","Union Savings Bank, Freeport IL","24","11","1358.5900","0","0","24","0","2015-08-13 18:30:31",
"20074","70000410","First Community Bank, N.A.","245","16","15944.4800","0","0","245","0","2015-08-13 17:51:38",
"20521","70000411","SouthWest Bank","29","7","1057.3400","0","0","29","0","2015-08-13 18:30:31",
"20042","70000412","Heritage Trust Company","450","26","27259.5000","0","0","450","0","2015-08-13 18:14:44",
"20503","70000414","The First National Bank and Trust Company (Newtown, PA)","142","12","3065.7600","0","0","142","0","2015-08-13 18:30:31",
"18812","70000416","Family Capital Trust Co.","107","9","11012.3200","0","54","53","0","2015-08-26 13:57:29",
"19808","70000417","Chemung Canal Trust Company","761","48","140213.8500","0","0","761","0","2015-08-13 17:51:38",
"6304","70000418","Mairs & Power Inc","324","41","58223.2640","24","114","186","0","2015-03-17 15:35:37",
"20040","70000419","The Northside Bank & Trust Co (Cincinnati, OH)","207","20","38355.6200","0","0","207","0","2015-08-13 19:20:37",
"20432","70000421","Somerset Trust Company","765","29","71391.0400","0","0","765","0","2015-08-13 18:30:31",
"20573","70000422","Citizens State Bank","5","2","31.7500","0","0","5","0","",
"20498","70000424","The Glenview Trust Company","1485","42","124972.9600","0","0","1485","0","2015-08-13 18:30:31",
"20600","70000425","Macatawa Bank","1062","67","126257.6400","0","0","1062","0","2015-08-13 18:14:44",
"20409","70000426","Penn Security Bank & Trust Co","195","26","22035.4200","0","0","195","0","2015-08-13 18:18:20",
"19582","70000428","Financial Partners Capital Management LLC","642","17","136940.3200","0","78","423","0","",
"15590","70000429","Wealth Trust Fairport LLC","906","18","43658.7300","467","0","439","0","2015-08-14 15:49:36",
"20579","70000430","Frandsen Bank & Trust","39","12","4229.8100","0","0","39","0","2015-08-13 18:11:09",
"20069","70000431","Stellarone Bank","366","19","16223.1000","0","0","366","0","2015-08-13 18:30:31",
"20489","70000435","Austin Trust Company","129","19","10698.4300","0","0","129","0","2015-08-13 17:45:46",
"20471","70000436","First Farmers and Merchants Bank","131","15","12532.8300","0","13","118","0","2015-08-26 13:57:29",
"17759","70000437","J.A. Glynn & Co","589","34","142411.0600","383","68","138","0","2015-08-14 16:02:32",
"20711","70000438","J & B Venture Capital Inc","18","11","10909.8300","0","0","18","0","2015-08-13 18:14:44",
"20449","70000439","Wayne Bank","72","21","8282.3200","0","0","72","0","2015-08-13 18:30:31",
"20512","70000440","Northern Michigan Bank & Trust","10","4","1706.8100","0","0","10","0","2014-11-14 15:02:02",
"20551","70000441","THE SAVANT GROUP","91","34","4946.2100","0","0","91","0","2015-08-13 19:20:37",
"20034","70000442","First International Bank and Trust","36","12","1138.6000","0","0","36","0","2015-08-13 18:11:09",
"20468","70000443","First Federal Savings & Loan","32","12","4681.1400","0","0","32","0","2015-08-13 18:11:09",
"20520","70000444","Mission Management & Trust Co","50","20","7070.0200","0","0","50","0","2015-08-13 19:24:07",
"20044","70000445","First National Trust Company","466","31","140176.5900","1","53","412","0","2015-08-13 18:11:09",
"9637","70000446","Paragon Investment Management Inc","706","31","65890.8300","0","0","706","0","2015-08-13 19:20:37",
"20045","70000447","Mauch Chunk Trust Company","89","8","4435.8100","0","0","89","0","2015-08-13 18:14:44",
"18752","70000449","North American Management Corp","359","21","36077.0200","257","0","102","0","2015-08-13 19:20:37",
"20354","70000450","Homrich & Berg, Inc","1146","54","65329.7800","0","246","900","0","",
"20417","70000451","Charlotte State Bank and Trust","110","17","15278.2300","66","0","44","0","2015-08-13 17:51:38",
"19996","70000452","Bank of Fayetteville","4","4","671.6600","0","0","4","0","",
"19998","70000454","Exchange Bank Trust Department (TMN)","95","24","11083.0700","0","0","95","0","2015-08-13 17:51:38",
"20024","70000455","The Paducah Bank and Trust Company","17","6","790.8900","0","0","17","0","2015-08-13 18:30:31",
"20019","70000456","The Farmers Bank","22","8","8496.6300","0","4","18","0","2015-08-14 15:49:36",
"14123","70000458","First American Bank","381","34","85913.2500","0","0","381","0","2015-08-13 17:51:38",
"12404","70000459","Central Trust & Investment Company","1496","57","124259.7900","0","472","1024","0","2015-08-13 19:26:48",
"1724","70000460","Freestone Capital Management","2006","48","440113.6000","32","994","980","0","2015-08-06 19:18:17",
"20625","70000461","Tynolds & Co","44","17","7403.0700","0","0","44","0","2015-08-13 18:30:31",
"20398","70000462","The Adirondack Trust Company","293","12","10522.2600","0","0","293","0","2015-08-13 18:30:31",
"21060","70000464","Warberg Opportunistic Trading Fund L.P.","2","2","1011.7200","0","0","2","0","",
"19030","70000465","Optimum Investment Advisors","327","32","52753.7500","1","25","301","0","2015-08-13 18:18:20",
"21016","70000467","Trillium Asset Management Corp","1039","24","71859.7900","176","0","863","0","2015-08-13 19:20:37",
"15784","70000468","Standard Bank and Trust","32","15","4273.6900","0","0","32","0","2015-08-13 18:30:31",
"11534","70000469","Coast Asset Management","12","7","16836.9300","0","2","10","0","",
"20467","70000470","The Trust Company of Kansas","81","16","6686.4700","0","0","81","0","2015-08-13 18:30:31",
"4946","70000471","Winslow, Evans & Crocker Inc","422","42","132717.2600","2","77","343","0","",
"20501","70000472","Lubbock National Bank","9","4","449.9700","9","0","0","0","2015-08-26 13:57:29",
"21100","70000473","Trust Company of the Ozarks","291","20","13034.1200","0","101","190","0","",
"20511","70000475","Clearfield Bank & Trust Company","41","12","1508.0200","0","0","41","0","2015-08-13 17:51:38",
"19585","70000476","First National Bank of Chester County","572","32","60006.2900","0","0","572","0","2015-08-13 18:11:09",
"20547","70000477","Kin Properties, Inc","60","25","179261.1800","0","2","58","0","2015-08-26 14:21:32",
"21104","70000478","Commercial Bank (Parsons KS)","2","1","75.8700","2","0","0","0","",
"19678","70000480","Dumont & Blake Investment Advisors","432","26","23237.5200","0","152","280","0","2015-08-14 16:19:45",
"21127","70000481","Kentucky Trust Co","383","31","25515.9300","0","0","383","0","2015-08-13 18:14:44",
"19563","70000482","Davidson Trust Co","456","35","89432.5300","0","0","456","0","2015-08-13 17:51:38",
"20005","70000483","TCA Trustcorp America","145","39","22074.1300","0","21","93","0","",
"21096","70000484","Trust Company of the South","691","40","69374.5700","0","0","691","0","2015-08-13 18:30:31",
"20146","70000485","Salient Partners","221","25","56774.9600","135","0","86","0","2015-08-13 19:20:37",
"19592","70000486","St. Denis J. Villere & Co. LLC","166","15","19580.1100","0","39","127","0","",
"21122","70000488","BankIowa Trust Department","5","5","5611.9900","0","0","5","0","2015-08-13 17:45:46",
"20465","70000489","Progressive Bank","22","9","6491.8100","0","0","22","0","2015-08-13 18:18:20",
"1120","70000491","B.C. Ziegler and Company","257","36","9155.9100","0","60","171","0","",
"19921","70000492","Bristol County Savings Bank","64","15","90966.8400","0","0","64","0","2015-08-13 17:45:46",
"18759","70000493","Pekin Singer Strauss Asset Management","848","35","199094.1000","447","0","401","0","2015-08-13 19:34:42",
"20420","70000494","First National Bank (Vandalia IL)","38","9","1174.0000","38","0","0","0","2015-09-22 18:58:48",
"21106","70000496","The People's Bank (Smith Center KS)","47","18","1660.4600","0","0","47","0","2015-08-13 18:30:31",
"13845","70000498","Coyle Asset Management Co","166","20","23480.5200","1","43","122","0","2015-08-13 19:24:07",
"21118","70000499","Legacy Capital Partners Inc","58","11","8123.0700","0","0","58","0","2014-11-14 15:02:02",
"19020","70000500","Johnson Investment Counsel","484","30","82195.4500","0","0","155","0","",
"16183","70000501","West Coast Trust","81","25","14206.6500","0","0","81","0","2015-08-13 19:20:37",
"20270","70000502","Delta Asset Management LLC","757","20","92861.5600","0","0","407","0","2015-03-19 16:25:40",
"17930","70000503","Osborne Partners Capital Management, LLC","316","23","44297.1900","3","0","313","0","2015-08-13 19:20:37",
"20025","70000504","The Bank of Kentucky Inc","365","22","39613.5000","0","0","365","0","",
"18145","70000506","First Republic Investment Management","1975","38","196970.6400","837","2","1134","0","2015-08-13 19:26:48",
"18968","70000507","Parker Carlson & Johnson","55","14","6673.7700","0","22","33","0","",
"20452","70000508","North Dallas Bank & Trust Co","27","10","2725.6300","0","0","27","0","2015-08-13 18:18:20",
"20984","70000509","Shepherd Kaplan","77","20","39234.7000","3","0","74","0","2015-08-13 19:20:37",
"20935","70000511","Palladium","872","20","91742.5500","0","216","656","0","2015-08-13 19:20:37",
"17351","70000513","Boys, Arnold & Co","571","33","59718.1300","251","79","241","0","2015-08-26 13:57:29",
"18920","70000514","CornerCap Investment Counsel","421","22","90537.7700","1","86","334","0","2015-08-14 16:19:45",
"9573","70000515","Trust Company of Oxford","213","28","27795.8400","0","0","190","0","",
"21220","70000516","Trust Company of Manhattan","63","21","6537.8300","0","2","61","0","2015-08-13 18:30:31",
"19629","70000518","AM Investment Partners, LLC","25","16","512064.8900","0","0","25","0","",
"20043","70000519","Vision Bank","8","5","457.8400","3","0","5","0","2015-08-14 15:49:36",
"17381","70000520","BTR Capital Management","164","20","78574.3800","0","31","133","0","2015-08-26 13:57:29",
"7654","70000521","Cumberland Trust & Investment Co","74","18","5290.3700","0","1","73","0","2015-08-13 19:24:07",
"20500","70000522","American Bank NA","17","5","1592.4300","9","0","8","0","2015-08-13 20:07:25",
"20010","70000523","Thomasville National Bank","79","18","9112.7100","0","0","79","0","",
"4131","70000524","South Valley Bank & Trust","6","5","271.5000","0","2","4","0","",
"21098","70000525","Independence Bank","204","19","25062.3100","0","49","155","0","2015-08-26 13:57:29",
"21255","70000526","Citizens & Northern Bank","221","25","24670.0900","0","0","221","0","2015-08-13 17:51:38",
"21281","70000527","Vision Capital Management Inc","164","14","28481.8600","0","91","73","0","2015-08-14 15:49:36",
"19627","70000528","Nixon Peabody","32","6","6268.7500","0","0","32","0","2015-08-13 18:18:20",
"20054","70000530","Southern Baptist Foundation","36","23","26380.1400","0","0","36","0","2015-08-13 18:30:31",
"21286","70000532","Renasant Bank RBC Bank","292","35","64717.5400","0","0","292","0","2015-08-13 18:18:20",
"12158","70000533","Bankers Trust Company","396","62","300576.5000","0","1","395","0","2015-08-13 17:45:46",
"20062","70000534","Plains Capital Bank","126","22","25558.1300","0","0","126","0","2015-08-13 18:18:20",
"21288","70000535","German American Financial Advisors & Trust Co","45","18","5517.3000","0","7","38","0","2015-08-13 19:26:48",
"21229","70000536","First Federal Bank of the Midwest","32","9","3054.5800","0","16","16","0","2015-08-26 13:57:29",
"21270","70000537","First County Bank (Stamford, CT)","162","27","22144.2400","0","0","162","0","2015-08-13 17:51:38",
"11372","70000538","Cascade Financial Management Inc","107","19","15423.6800","0","3","104","0","2015-08-13 19:34:42",
"20648","70000539","C.H. Dean","3653","27","350417.6900","0","0","3169","0","",
"20022","70000540","Cumberland Valley National Bank & Trust Co.","3","2","116.2800","2","0","1","0","",
"20767","70000542","Cabot Wealth Management Inc","352","24","59452.1700","2","0","350","0","2015-08-13 19:24:07",
"18932","70000543","DOWLING & YAHNKE INC","1299","39","120904.9500","2","4","877","0","2015-03-17 15:35:37",
"21221","70000544","Lake Elmo Bank","1","1","20.8500","1","0","0","0","",
"21296","70000545","Martha's Vineyard Savings Bank","155","21","12586.0600","0","0","155","0","2015-08-14 16:13:03",
"21235","70000546","First Western Bank & Trust","79","17","13489.7900","0","0","79","0","2015-03-18 15:52:24",
"19654","70000547","Monroe Bank & Trust","445","26","37624.0100","0","242","203","0","",
"20425","70000548","BancFirst","43","19","10592.1900","0","0","43","0","2015-08-13 17:45:46",
"20008","70000550","Bank of Tampa","29","10","2647.4900","0","0","29","0","2015-08-13 17:45:46",
"12105","70000551","Alerus Financial, N.A.","263","32","144870.0600","0","16","246","0","",
"21263","70000553","First National Bank (Ames, IA)","124","7","3714.7500","0","118","6","0","2015-08-13 20:07:25",
"21280","70000554","Colonial Asset Management","327","27","29420.2800","192","0","135","0","2015-08-13 17:51:38",
"20015","70000555","Marquette Bank","10","5","544.5700","10","0","0","0","2015-08-14 16:13:03",
"21230","70000556","Jefferson Bank","227","32","26803.4200","0","0","227","0","2015-08-13 18:14:44",
"21334","70000557","Craryville Associates LLC","13","13","10987.2900","0","0","13","0","",
"21284","70000560","Kentucky Farmers Bank","9","6","2022.4600","0","0","9","0","2015-08-13 18:14:44",
"21228","70000561","Planters Bank","33","12","14824.9300","0","1","32","0","2015-08-14 15:49:36",
"21062","70000563","Bank of Idaho","72","7","32185.7800","0","5","67","0","2015-08-26 13:57:29",
"21266","70000564","West Bank","546","23","48343.4200","0","0","546","0","2015-08-13 18:30:31",
"19644","70000565","Lorain National Bank","54","11","5540.0600","0","0","54","0","2015-08-13 18:14:44",
"20750","70000566","Barnes Investment Advisory Inc","168","8","8500.0600","0","0","168","0","2015-03-18 15:52:24",
"21246","70000567","Zia Trust Inc","126","42","18780.5800","0","0","126","0","2015-08-13 18:30:31",
"21245","70000568","DeWitt Bank & Trust Co","9","4","681.9700","9","0","0","0","2015-08-14 16:19:45",
"20018","70000570","Star Financial Bank","37","15","6043.0600","0","0","37","0","2015-08-13 18:30:31",
"21340","70000571","Ismael Santiago","1","1","1300.9700","0","0","0","1","",
"21301","70000572","Merchants Trust Co.","13","6","2103.1400","0","0","13","0","2015-08-13 18:14:44",
"20548","70000573","McGowan Group Asset Management","131","19","56868.3200","0","5","126","0","2015-08-26 13:57:29",
"21078","70000574","Harvard State Bank","13","7","789.4900","13","0","0","0","2015-08-26 13:57:29",
"20014","70000575","Itasca Bank & Trust","22","10","31455.5300","0","0","22","0","2015-08-13 18:14:44",
"21300","70000577","Lodestar Private Asset Mgmt LLC","44","17","2740.0100","0","0","44","0","2015-08-14 16:13:03",
"20071","70000578","Fiduciary Partners, Inc.","258","22","28844.9200","0","0","258","0","2015-08-13 17:51:38",
"3099","70000580","Mowell Financial Group Inc","75","10","71673.9900","0","0","75","0","2014-11-13 20:07:45",
"19107","70000581","Boston Financial Management Inc","743","27","65112.2720","0","195","211","0","2015-03-18 16:15:23",
"256","70000582","Raymond James Trust NA","456","54","42720.4300","0","0","456","0","2015-08-13 18:18:20",
"14730","70000583","First Keystone Community Bank","63","15","30844.7200","0","3","60","0","2015-08-26 13:57:29",
"21048","70000584","American Bank & Trust Co NA","70","13","13969.3100","0","0","70","0","2015-08-13 17:45:46",
"18381","70000585","Trust Co of Sterne, Agee & Leach","82","27","9649.5900","41","0","41","0","2015-08-13 19:20:37",
"20825","70000586","Fiduciary Asset Management","28","10","42584.6300","0","11","17","0","2015-08-26 13:57:29",
"21101","70000587","Ohnward Bancshares, Inc","128","14","4579.9400","0","65","63","0","2015-08-14 15:49:36",
"21748","70000588","East Texas National Bank","34","7","4444.0300","0","0","34","0","2015-08-13 17:51:38",
"19443","70000589","Trustmark National Bank","372","74","292077.8520","3","95","189","0","2014-11-13 19:48:36",
"20063","70000590","Texas Bank & Trust Co.","124","25","16536.4200","0","57","67","0","2015-08-13 19:20:37",
"4817","70000591","Waters, Parkerson & Co., LLC","778","20","98848.3000","0","414","364","0","2015-08-13 19:20:37",
"21775","70000592","Falcon International Bank","7","4","460.4800","0","0","7","0","2015-03-18 19:23:42",
"21444","70000593","Bank of Ann Arbor","126","10","19090.3800","0","0","126","0","",
"21067","70000594","First Citizens Trust Company","149","26","20603.7700","0","50","99","0","2015-08-14 16:19:45",
"20304","70000596","PWMCO LLC","127","18","18166.8140","0","0","127","0","2015-08-13 18:18:20",
"20505","70000597","J.M. Forbes & Co. LLP","119","11","8901.5100","0","0","119","0","2015-08-13 18:14:44",
"21238","70000600","Texas Gulf Bank","22","8","2385.0100","0","1","21","0","2015-08-13 19:20:37",
"20955","70000601","R.M. Davis Inc.","1086","27","95841.8900","769","5","312","0","2015-08-13 19:20:37",
"21287","70000602","Security Bank & Trust Co.","22","8","1658.3500","0","0","22","0","2015-08-14 15:49:36",
"22476","70000603","Springs Valley Bank & Trust Co.","165","13","31703.8000","0","2","163","0","2015-08-13 18:30:31",
"21108","70000606","Community National Bank & Trust","1","1","10466.8600","0","0","1","0","2015-08-13 17:51:38",
"21539","70000607","Cache Bank & Trust","31","18","2126.4000","9","0","22","0","2015-08-26 14:07:12",
"21092","70000608","Waukesha State Bank","145","31","16526.2900","0","0","145","0","2015-08-13 19:20:37",
"17672","70000610","Glenmede Trust Company","5823","72","1452406.2100","3","2","664","5154","",
"21231","70000612","First Dakota National Bank","81","7","7874.0700","42","0","39","0","2015-08-26 13:57:29",
"20413","70000613","Northwest Bank & Trust Co","80","12","2976.5500","41","0","39","0","2015-08-14 15:49:36",
"17619","70000614","Emerson Investment Management","537","16","52106.4900","0","143","394","0","2014-11-13 15:39:15",
"21574","70000616","Century Trust LLP","23","7","863.0000","0","0","23","0","2015-08-13 17:51:38",
"4026","70000617","SF Investments Inc","43","13","20756.4800","0","0","43","0","2015-03-18 14:38:29",
"21244","70000619","First National Bank of Santa Fe","101","24","35111.8900","0","0","101","0","2015-08-13 18:11:09",
"20945","70000622","Piedmont Financial Trust Co.","11","9","90574.8500","0","0","11","0","2015-08-13 18:18:20",
"19288","70000623","Trust Point Inc.","243","50","60426.5040","0","95","148","0","2015-08-13 19:20:37",
"18890","70000624","Brown Advisory","7596","79","2771624.1600","0","0","7596","0","2015-08-13 17:45:46",
"20731","70000625","RMB Capital Management","2488","42","274741.3530","3","432","1562","0","",
"16242","70000626","Western National Trust Co.","220","24","123027.2100","0","0","220","0","2015-08-13 18:30:31",
"21417","70000627","The State Bank","57","7","2981.0500","0","0","57","0","2015-08-13 18:30:31",
"19220","70000628","National Independent Trust Co","493","31","337800.8600","0","0","493","0","2015-08-13 18:18:20",
"11553","70000630","Coldstream Capital Management Inc.","495","51","101355.8400","0","101","155","0","",
"21272","70000631","The Commercial and Savings Bank","25","4","1274.3300","0","0","25","0","2015-08-14 15:49:36",
"22893","70000632","Columbia Bank Trust Services","33","13","3237.0600","0","11","22","0","",
"20412","70000633","Quad City Bank & Trust Company","526","43","108394.8720","0","0","526","0","2015-08-13 18:18:20",
"20445","70000635","Community Bank & Tr Noblesville IN","8","6","1245.3500","0","2","5","0","2015-08-13 18:11:09",
"21065","70000636","Clear Lake Bank & Trust Co","14","4","2894.7000","14","0","0","0","2015-08-26 14:07:12",
"19662","70000637","Peapack-Gladstone Bank","856","36","187963.2200","0","0","856","0","2015-08-13 18:18:20",
"20075","70000638","MCNB Bank & Trust Company","42","5","13679.0300","0","0","42","0","2015-08-14 15:49:36",
"21478","70000639","Bank of Sun Prairie","2","2","40.4200","0","0","2","0","2015-08-13 20:07:25",
"22055","70000640","Grant County Bank","2","1","123.1600","0","0","2","0","",
"14816","70000641","Lighthouse Investment Partners, LLC","90","40","1819295.4700","29","0","55","6","",
"20792","70000642","Cornerstone Advisors, Inc","5","3","1126.3600","0","2","3","0","2015-08-26 14:26:29",
"21900","70000643","First Mid-Illinois Bank & Trust","28","13","8878.2400","0","0","28","0","2015-08-13 18:11:09",
"22029","70000644","Fowler State Bank","19","6","34228.4900","0","1","18","0","2014-11-17 15:05:12",
"22301","70000645","Oakworth Capital Bank","14","7","1546.3500","0","0","14","0","2015-08-13 19:20:37",
"5857","70000646","First Bank","196","36","33424.6600","0","90","106","0","2015-03-18 15:52:24",
"18175","70000648","Waycross Investment Management Co","47","6","3055.5200","0","2","45","0","2015-08-14 15:49:36",
"22611","70000649","First National Bank and Trust Company (Beloit, WI)","19","12","725.6700","0","0","19","0","2015-08-14 16:19:45",
"14125","70000650","First American Trust","890","34","487701.9000","0","0","890","0","2015-08-13 17:51:38",
"22579","70000651","Clinton National Bank","64","17","15356.7700","0","42","22","0","2015-03-18 15:52:24",
"20985","70000652","Silver Bridge Advisors LLC","2","1","100.5100","2","0","0","0","",
"21696","70000653","Community National Bank & Trust of Texas","58","10","6219.7600","0","0","58","0","2015-08-13 17:51:38",
"21605","70000654","Citizens Bank & Trust","2","2","55.1000","0","1","1","0","2015-08-26 14:13:45",
"20687","70000655","Sigma Investment Counselors","501","18","90145.4200","0","0","501","0","2015-08-13 19:20:37",
"17570","70000656","Dana Investment Advisors Inc.","300","22","26368.7800","0","0","278","0","",
"22285","70000657","Nicolet National Bank","132","16","5637.3900","0","0","132","0","2015-08-13 18:18:20",
"22230","70000658","Mercantile Bank","149","29","29785.2400","1","49","99","0","2015-08-14 15:49:36",
"21268","70000659","Jackson County Bank","18","12","2123.1500","0","0","18","0","2015-08-13 18:14:44",
"24396","70000660","Kohala Capital Partners","4","2","671.6400","4","0","0","0","2015-08-26 14:26:29",
"21643","70000661","Plimoth Trust Company","218","20","12870.7400","0","81","137","0","2015-08-13 19:20:37",
"20060","70000662","First Bank & Trust East Texas","19","10","4712.5400","4","1","14","0","2015-08-26 13:57:29",
"18959","70000663","Financial & Investment Management Group LTD","535","14","120984.6700","5","0","530","0","2015-08-26 13:57:29",
"22268","70000664","MutualBank","87","26","10035.0200","0","0","87","0","2015-08-13 18:14:44",
"22711","70000665","The Ramsey National Bank & Trust Co.","31","9","2931.1800","0","0","31","0","2015-08-13 18:30:31",
"24397","70000666","Consumer Capital Partners LLC","2","1","1925.4900","2","0","0","0","",
"5909","70000667","Associated Trust Company","868","35","238765.6700","1","0","33","834","2015-08-13 19:24:07",
"20877","70000668","Jamison Eaton & Wood","319","15","39039.5900","66","0","253","0","2015-08-14 16:19:45",
"20943","70000669","Peter B. Cannell & Co., Inc.","96","11","89809.0000","0","0","19","0","",
"20381","70000670","Hills Bank & Trust Company","256","16","11430.1800","0","129","127","0","2015-08-26 13:57:29",
"22921","70000671","Beacon Pointe Advisors","518","49","80540.1300","1","151","366","0","2015-08-13 19:26:48",
"13843","70000673","Country Trust Bank","177","19","29704.2600","0","69","108","0","2015-08-26 13:57:29",
"18915","70000674","Griffin Asset Management Inc","134","10","13298.8600","90","0","44","0","2015-08-13 19:26:48",
"21283","70000675","The Delaware County Bank & Trust Co","10","8","1550.4700","0","0","10","0","2015-08-13 19:20:37",
"22391","70000676","River City Bank","1","1","30.0800","0","1","0","0","2015-08-13 20:07:25",
"21399","70000677","ACNB Bank","35","6","19400.6500","0","0","35","0","2015-08-13 17:45:46",
"22003","70000678","First State Bank of Middlebury","2","1","61.8700","2","0","0","0","",
"29535","70000679","Technical Management Group., Inc","19","3","11570.9700","0","0","19","0","2014-11-13 20:07:45",
"29527","70000681","CNB Bank Wealth & Asset Management","46","17","4094.5000","0","4","42","0","2015-08-26 13:57:29",
"24150","70000682","Lanham O'Dell & Company, Inc","26","9","17475.4700","0","0","26","0","2015-08-14 16:13:03",
"21455","70000684","Citizens Bank of West Virginia","4","2","586.3900","0","1","3","0","2015-08-26 14:05:20",
"5521","70000685","Moody Bible Institute of Chicago","66","2","21732.9200","0","0","66","0","2014-11-17 15:05:12",
"33639","70000686","Hillspire, LLC","102","32","51507.6600","16","0","86","0","2015-08-13 19:24:07",
"22788","70000687","Univest Bank and Trust Co.","1192","29","81437.0600","0","0","1192","0","2015-08-13 18:30:31",
"20905","70000688","Lowe Brockenbrough & Co., Inc.","636","20","79252.3200","143","5","488","0","2015-08-14 16:13:03",
"20949","70000691","Plante Moran Trust","28","16","13920.1800","11","0","17","0","2015-08-13 19:20:37",
"18007","70000692","RiverPoint Capital Management","441","17","170288.3000","261","0","180","0","2015-08-13 19:20:37",
"5025","70000694","The Chicago Trust Company","249","33","51872.3000","1","0","248","0","2015-08-13 19:20:37",
"23796","70000695","Neumann Capital Management LLC","58","10","5702.6600","0","0","58","0","2015-08-14 15:49:36",
"22523","70000696","Susuquehanna Trust & Investment Company","343","31","49450.5900","0","0","343","0","2015-08-13 18:30:31",
"21830","70000697","First & Peoples Bank and Trust Company","66","13","64414.2300","5","0","61","0","2015-08-13 19:26:48",
"21070","70000698","Peoples Federal Savings Bank","24","9","4004.4800","0","0","24","0","2015-08-14 15:49:36",
"14581","70000699","Integrity Bank & Trust","14","6","8838.1800","0","0","14","0","2015-08-13 18:14:44",
"22501","70000700","State Bank of Lincoln","6","5","270.2500","0","0","6","0","2015-08-14 15:49:36",
"18202","70000701","SVA Plumb Financial LLP","509","18","163135.2200","0","102","406","0","2014-11-13 17:59:05",
"20698","70000702","Capital Investment Counsel Inc.","709","27","43795.0600","0","0","447","0","",
"19518","70000703","Amarillo National Bank","137","22","24566.6700","0","31","106","0","2015-08-13 17:45:46",
"22802","70000704","VNBTrust Inc","267","24","97143.6900","0","0","267","0","2015-08-13 18:30:31",
"21401","70000705","Alpine Bank & Trust","149","10","7144.5600","0","15","134","0","",
"22516","70000706","Sturgis Bank & Trust Company","16","10","5151.5400","0","0","16","0","2015-08-13 19:20:37",
"24353","70000707","First Bankers Trust Services Inc","16","14","5853.6900","0","4","12","0","2015-08-26 13:57:29",
"20035","70000708","Pinnacle Bank","32","16","2561.1600","5","8","19","0","2015-08-13 19:20:37",
"20200","70000709","Bank of Hawaii","1673","47","329296.7200","0","0","1673","0","2015-08-13 17:45:46",
"22028","70000712","Founders Bank & Trust","16","6","3079.3300","0","0","16","0","2015-08-13 18:11:09",
"20174","70000714","First Merchants Trust Company","243","31","47297.8700","0","0","243","0","",
"21923","70000715","First National Bank and Trust Company of Ardmore","21","6","2736.3100","0","0","21","0","2015-08-13 18:11:09",
"20051","70000717","Citizens National Bank","39","15","6584.0400","0","0","39","0","2015-08-13 17:51:38",
"21997","70000718","First State Bank and Trust","21","7","18952.5900","0","11","10","0","2015-08-13 18:11:09",
"22266","70000722","Mutual of Omaha Bank","34","13","28585.8200","0","0","0","34","2015-08-13 20:07:25",
"22707","70000723","The Private Trust Company NA","379","54","47362.9400","0","0","379","0","2015-08-13 18:30:31",
"19056","70000724","Baldwin Brothers Inc.","207","21","56167.6600","0","0","207","0","2015-08-13 20:07:25",
"20650","70000725","Dubuque Bank & Trust","250","19","17801.5700","0","0","218","0","",
"29181","70000727","Avalon Trust","190","10","51683.2300","0","121","69","0","2015-08-26 13:57:29",
"566","70000729","Fat Squirrel Trading","1","1","35.5400","0","0","1","0","",
"21688","70000730","Community Bank of Raymore","39","9","13310.2100","0","4","35","0","2015-08-26 13:57:29",
"19648","70000731","Foley & Lardner LLP","273","38","28288.1300","0","0","273","0","2015-08-13 18:11:09",
"21707","70000732","CoreFirst Bank & Trust","185","25","38961.2800","0","0","185","0","2015-08-13 17:51:38",
"2813","70000733","Madison Wealth Management","70","19","5996.0400","0","0","70","0","2015-08-14 16:13:03",
"21406","70000735","Advisors Asset Management","5","3","471.9300","4","0","1","0","2015-08-26 14:15:53",
"20647","70000736","Evnine & Associates Inc","8","3","9264.2200","0","0","8","0","",
"14397","70000737","Green Square Capital","722","31","341581.9000","105","2","615","0","2015-08-13 19:26:48",
"19999","70000743","First Republic Trust Company","681","66","211523.4700","0","0","681","0","2015-08-13 18:11:09",
"19868","70000744","Ledyard National Bank","297","18","21546.2800","0","0","297","0","2015-08-13 18:14:44",
"19532","70000745","Fulton Bank","935","49","245922.5900","0","0","935","0","2015-08-13 18:11:09",
"20050","70000746","First Premier Bank","141","17","62983.4000","0","6","135","0","2015-08-26 13:57:29",
"3445","70000747","People's United Bank","1191","35","113058.4000","0","575","616","0","2015-08-26 14:07:12",
"18028","70000748","Burnham & Dells Advisors","62","7","45174.6100","0","8","37","0","",
"19718","70000749","Cambridge Trust Co.","73","24","15134.7200","0","0","73","0","",
"20807","70000750","DeRoy & Devereaux Private Investment Counsel Inc.","233","12","103091.0600","0","0","233","0","2015-08-14 16:19:45",
"17537","70000751","Bartlett & Co. LLC","739","23","84076.1800","0","0","468","0","",
"24177","70000753","Nelson Roberts Investment Advisors","89","14","9638.7800","0","0","89","0","2015-08-14 15:49:36",
"20447","70000754","Central National Bank","22","7","48535.3500","0","3","19","0","2015-08-26 14:13:45",
"15790","70000755","Bell State Bank & Trust","414","33","103347.7400","0","0","414","0","2015-08-13 18:30:31",
"24355","70000756","Equitable Trust Company","145","28","24544.5700","0","70","75","0","2015-08-26 14:07:12",
"33646","70000757","Pratt Collard Advisory Partners, LLC","150","13","10925.1500","0","90","60","0","",
"33647","70000758","Winthrop Financial Inc.","22","11","1830.4700","0","13","9","0","",
"22176","70000759","Lake City Bank","198","28","53497.2400","2","49","147","0","2014-11-13 20:24:36",
"20542","70000760","First State Bank, Uvalde TX","18","7","927.7900","5","0","13","0","2015-08-26 13:57:29",
"5791","70000761","City National Bank of West Virginia","89","15","15111.3500","0","0","89","0","2015-08-13 17:51:38",
"21121","70000762","Douglas County Bank","5","4","363.5900","0","0","5","0","2015-08-13 17:51:38",
"512","70000763","Hedeker Wealth Management Group LLC","103","7","6728.6900","89","0","14","0","2015-08-13 19:26:48",
"22642","70000764","First National Bank of South Miami","30","6","5663.8900","0","16","14","0","",
"17503","70000765","Ashfield Capital Partners, LLC","99","6","10774.1800","0","26","73","0","2015-08-13 20:07:25",
"20280","70000766","Eastern Bank","1560","32","145296.9000","0","0","1560","0","2015-08-13 17:51:38",
"24131","70000767","Investors Asset Management Inc.","37","6","2547.8900","0","0","37","0","2015-03-17 18:40:38",
"20858","70000768","Harvey Investment Company, LLC","44","5","7876.4700","40","0","4","0","2015-03-19 16:34:46",
"19463","70000769","The Trust Company of Toledo","170","44","82897.1100","0","0","170","0","2015-08-13 18:30:31",
"21107","70000770","Wood & Huston","23","4","1028.4600","23","0","0","0","2014-11-14 15:02:02",
"22470","70000771","Southwest National Bank","16","5","2130.7900","0","0","16","0","2015-08-13 18:30:31",
"21011","70000772","The MDE Group","1502","34","175809.2700","0","326","959","0","2014-11-13 19:48:36",
"23113","70000773","Carnegie Capital Asset Management","110","14","12741.5900","60","0","50","0","2015-08-26 13:57:29",
"14087","70000774","True North Advisors","6","2","11351.9600","5","0","1","0","2014-11-14 15:02:02",
"21068","70000775","Peoples Bank - Munster IN","8","5","282.5900","8","0","0","0","2015-08-13 19:20:37",
"21290","70000776","Ephrata National Bank","39","6","12412.2100","0","0","39","0","2015-03-18 19:23:42",
"19653","70000777","Rock Point Advisors","171","7","14246.8300","0","0","171","0","2015-08-14 15:49:36",
"18363","70000778","Washington Trust Wealth Management","323","26","27021.1900","0","243","80","0","2015-08-13 19:20:37",
"1495","70000779","FCG Advisors LLC","697","33","41628.9200","0","188","509","0","",
"18763","70000780","Provident Trust Company","200","10","23510.5300","0","0","200","0","2015-08-13 18:18:20",
"23085","70000783","Corbin & Company","1","1","4092.1000","0","0","1","0","",
"23776","70000784","Kades Financial, LLC","14","5","653.9600","0","14","0","0","2015-08-26 14:13:45",
"20061","70000785","Hale County State Bank","81","10","9992.0600","0","19","62","0","2015-08-26 14:07:12",
"31849","70000786","Delta Financial Group Inc.","283","13","68700.7900","0","0","273","0","",
"18450","70000787","Sonora Investment Management, LLC","88","9","6170.6400","1","63","24","0","2015-08-13 20:07:25",
"6656","70000788","Locus Analytics","4","2","345.9000","0","0","4","0","2015-03-19 16:34:46",
"21457","70000789","The Trust Company of Knoxville","159","30","28221.9400","0","0","159","0","2015-08-13 18:30:31",
"21097","70000790","Spot Trading LLC","39","35","706226.9400","2","0","0","37","",
"24231","70000791","Copeland Capital Management, LLC","27","5","3394.2200","3","0","24","0","2015-08-13 19:26:48",
"19176","70000792","Jacobs & Company","103","15","9245.7800","0","50","53","0","2015-08-26 13:57:29",
"17866","70000793","Messner and Smith","426","9","324406.5900","0","0","426","0","",
"21264","70000794","Central Bank and Trust Co KS","10","7","288.2200","0","2","8","0","2015-08-26 13:57:29",
"19895","70000795","Old National Trust Company","1905","47","196060.0000","0","0","1905","0","2015-08-13 18:18:20",
"21834","70000796","First American Bank & Trust","3","3","1283.1900","0","0","3","0","2015-08-13 17:51:38",
"20346","70000797","Glenview State Bank","42","7","2948.2200","0","0","42","0","2015-08-13 18:14:44",
"21315","70000798","First Security Bank & Trust Company","9","8","441.8400","0","0","9","0","2015-08-13 18:11:09",
"13422","70000800","Axiom Capital Management, Inc","12","3","33069.1700","12","0","0","0","2015-08-13 19:30:42",
"21844","70000802","First Bank & Trust - Brookings","38","13","1970.0900","9","0","29","0","2015-08-26 13:57:29",
"7501","70000803","CCM Asia Small Cap Value Fund, LP","2","2","25543.1600","0","0","2","0","",
"20526","70000806","Watershed Asset Management, L.L.C.","6","4","7998.5400","0","0","6","0","",
"1147","70000807","BancorpSouth Asset Management & Trust","144","32","50534.9900","0","0","144","0","2015-08-13 17:45:46",
"21843","70000808","First Bank & Trust - Evanston","36","19","9756.9600","0","0","36","0","2015-08-13 19:34:42",
"20525","70000809","GRS Advisors, LLC","2","1","141805.1000","0","0","2","0","",
"20755","70000810","Birch Hill Investment Advisors LLC","222","13","43682.9000","1","10","211","0","2015-08-26 13:57:29",
"24503","70000811","Oarsman Capital, Inc.","162","15","8385.5300","67","13","82","0","2015-08-13 19:20:37",
"22354","70000814","Pioneer Trust Bank","34","12","4431.0300","0","0","34","0","2015-08-13 18:18:20",
"20814","70000815","Eagle Capital Management, LLC","316","5","87732.7200","0","30","286","0","2015-08-26 14:17:29",
"22945","70000816","Old North State Trust","15","6","2143.7200","1","0","14","0","2015-08-14 16:13:03",
"22602","70000817","The Fauquier Bank","61","12","3119.6600","0","0","61","0","2015-08-13 18:30:31",
"21477","70000818","Bank of Stockton","62","22","13910.6200","0","0","62","0","2015-08-13 17:45:46",
"7425","70000819","Anbee & Co","1071","49","629692.4900","0","0","1071","0","2015-08-13 17:45:46",
"21225","70000820","City State Bank","24","8","1738.0300","0","0","24","0","2015-08-13 17:51:38",
"34716","70000821","Scott & Selber, Inc","68","12","3782.0300","0","5","63","0","",
"24062","70000822","Deighan Wealth Advisors","36","10","6447.6900","0","19","17","0","2015-08-26 13:57:29",
"2560","70000823","Perigon Wealth Management LLC","39","8","3136.3300","4","0","35","0","2015-08-14 15:49:36",
"21038","70000824","White Pine Capital","41","7","1988.3200","0","18","21","0","2015-03-17 18:40:38",
"1769","70000825","New England Capital","47","9","12488.7800","0","0","47","0","2015-08-13 19:20:37",
"33688","70000826","Community Bank of Pleasant Hill","13","8","3523.3000","2","0","11","0","2015-03-17 15:28:37",
"20328","70000828","Reliance Trust Company","1368","30","369631.4200","0","3","760","605","2015-03-17 15:15:32",
"18209","70000829","ZWJ Corporation","584","29","30292.4400","1","0","136","0","",
"21913","70000830","First National Bank & Trust Co of Williston","19","8","24312.1500","0","0","19","0","2015-08-13 18:11:09",
"4590","70000831","Truenorth, Inc.","127","9","24030.2100","0","0","127","0","2015-08-14 16:13:03",
"20871","70000832","Hutchinson Capital","112","8","5518.3300","102","0","10","0","2015-08-26 14:05:20",
"35236","70000834","Harrison & Held, LLP","43","7","104316.8900","27","0","16","0","2015-08-13 19:26:48",
"20049","70000835","The Palmetto Bank","43","13","2045.6300","0","11","32","0","2015-08-13 18:30:31",
"17733","70000836","Howard Capital Management","528","23","37621.4500","1","317","210","0","",
"35281","70000837","Central Servicing","76","30","20937.1200","0","76","0","0","2015-08-14 16:19:45",
"22409","70000838","Sandy Spring Bank","158","20","11236.1800","0","0","158","0","",
"33662","70000839","First Bank & Trust - Sioux Falls","5","3","2992.8700","0","0","5","0","2015-08-13 17:51:38",
"33640","70000840","Woodway Financial Advisors Ameri Co","457","17","117834.7600","0","0","457","0","2015-08-13 18:30:31",
"20099","70000841","Henssler Financial","574","23","31241.5100","0","0","199","0","2014-11-13 20:07:45",
"23015","70000842","Paragon Capital Management","9","7","1944.0600","0","0","9","0","2015-08-13 19:20:37",
"20178","70000843","Legacy Private Trust","76","15","6310.4600","0","0","76","0","2015-08-13 18:14:44",
"21276","70000844","Southside Bank","43","14","16692.7000","0","0","43","0","2015-08-14 15:49:36",
"21241","70000845","First Bank & Trust Company","46","7","1902.0100","0","21","17","0","",
"20003","70000846","Colorado Business Bank","47","10","16432.4900","8","0","39","0","2015-08-26 14:05:20",
"20037","70000847","Premier Trust","19","9","1286.9300","0","0","19","0","2015-08-13 18:18:20",
"21832","70000849","First American Bank - Fort Dodge","83","20","8596.7500","0","23","60","0","2015-03-17 18:40:38",
"37376","70000851","Quinlisk & Quinlisk, Ltd.","22","6","1948.0400","0","4","18","0","2015-08-14 16:13:03",
"20835","70000853","Franklin Street Advisors, Inc.","331","20","42087.8300","2","33","296","0","2015-08-26 13:57:29",
"32495","70000854","Rex Capital Advisors","31","13","4401.2000","0","0","31","0","2015-08-13 19:20:37",
"23140","70000855","Hewins Financial Advisors, LLC","400","42","59354.9600","0","114","286","0","",
"22395","70000859","Riverview Asset Management","24","6","2551.7200","0","0","24","0","",
"4309","70000860","Sycamore Financial Group","130","20","6642.1300","0","26","104","0","2015-08-13 19:20:37",
"22505","70000861","State Central Bank","38","8","6099.1600","4","0","34","0","2015-08-14 16:13:03",
"15111","70000862","Wall & Associates","2","2","207.8000","1","0","1","0","2014-11-14 15:02:02",
"20338","70000863","First National Bank of Hutchinson","41","10","5041.8500","2","23","15","0","",
"22191","70000865","Liberty Bank of Arkansas","5","4","244.4800","1","0","4","0","2015-08-26 14:17:29",
"36058","70000868","AYM Capital LLC","4","4","66025.5200","0","0","0","4","",
"32122","70000869","J.P. Marvel Investment Advisors, Inc.","67","3","10450.7300","0","66","1","0","2015-08-26 14:13:45",
"18900","70000871","Cobblestone Capital Advisors, LLC","497","25","126571.0900","0","393","104","0","2015-08-13 19:24:07",
"38158","70000872","Stratford Advisors, Inc.","10","3","149.9300","0","0","10","0","2015-03-18 14:38:29",
"21265","70000875","BankWest","4","3","3378.7700","0","1","3","0","2015-08-26 14:07:12",
"20047","70000876","Arthur State Bank","34","17","2993.3400","0","0","34","0","2015-08-13 19:24:07",
"24884","70000877","Volomite Management, LLC","1","1","29.2900","0","0","1","0","2015-03-18 19:23:42",
"21113","70000878","Pavlic Investment Advisors","179","8","8860.8500","0","128","26","0","2015-03-18 14:38:29",
"20848","70000879","Graybill, Bartz & Associates, Ltd.","71","6","3512.5100","59","0","12","0","2015-08-26 13:57:29",
"18144","70000880","Towle & Co.","56","2","90628.5600","0","29","27","0","2015-08-26 15:37:14",
"38703","70000881","Breiter Capital Management, Inc","4","3","108.2000","0","0","4","0","2015-03-18 16:15:23",
"21258","70000882","BankChampaign","49","12","5643.5400","0","6","43","0","2015-08-26 13:57:29",
"38126","70000883","Canon Capital Investment Advisory","25","10","1171.1300","14","0","11","0","2015-08-26 14:07:12",
"13164","70000884","Alpha Omega Wealth Management","3","2","85.5700","1","0","2","0","2015-03-18 16:15:23",
"21134","70000885","WealthTrust-Arizona","70","17","5729.6400","0","0","70","0","2015-08-13 19:20:37",
"38680","70000886","Maddock Financial LLC","194","5","14366.7320","0","0","194","0","2014-11-14 15:02:02",
"24685","70000887","The Welch Group, LLC","82","12","22613.1400","0","0","82","0","2015-08-13 19:20:37",
"20041","70000888","AmeriTrust","215","12","30354.4700","0","206","9","0","",
"23714","70000889","Baldrige Asset Management, LLC","5","3","882.6900","1","0","4","0","2015-08-26 14:13:45",
"38707","70000890","Sundermann Capital Management, LLC","60","8","726.7400","0","3","3","0","2015-03-19 14:21:12",
"19551","70000891","Chemical Bank","115","21","39162.6600","0","0","115","0","2015-08-14 16:13:03",
"35932","70000893","JRJ Management LLC","8","4","68816.8900","1","0","7","0","2015-08-13 18:14:44",
"21780","70000895","Farmers & Merchants Bank & Trust","18","10","1602.0000","0","6","12","0","2015-08-26 13:57:29",
"38062","70000897","Northeast Financial Group, Inc.","6","5","910.9900","0","0","6","0","2015-08-13 19:20:37",
"23795","70000899","Nancy A Socha & Associates, LLC","9","6","324.7500","1","0","8","0","2015-08-26 13:57:29",
"38160","70000901","Rowling & Associates","1","1","38.7000","0","1","0","0","2014-11-13 20:16:05",
"24704","70000902","Shah Capital Management","229","1","43071.1800","0","0","229","0","",
"7627","70000905","Crestwood Advisors","197","18","35259.2000","0","24","88","0","",
"21920","70000909","First National Bank and Trust - Phillipsburg KS","4","4","111.3800","0","3","1","0","2015-08-26 13:57:29",
"40997","70000910","McGibbon Asset Management","22","4","970.7500","2","8","12","0","2015-08-26 14:07:12",
"38066","70000913","PARK RIDGE FIREFIGHTERS PENSION FUND","1","1","153.6000","1","0","0","0","2015-03-18 14:38:29",
"38115","70000919","Bolthouse Investments, LLC","148","21","36337.4400","0","0","148","0","2015-08-18 20:36:23",
"24430","70000920","Sheaff Brock Investment Advisors,LLC","185","22","64082.0600","0","0","185","0","2015-08-13 19:20:37",
"34608","70000921","Alley Company, LLC","30","4","1221.7600","0","18","12","0","2015-08-26 13:57:29",
"19584","70000922","First Midwest Bank","509","41","158267.5600","0","0","509","0","2015-08-13 18:11:09",
"17490","70000924","Argent Capital Management","23","5","3612.5400","0","0","23","0","2015-03-18 16:15:23",
"24020","70000925","Exencial Wealth Advisors","12","7","1637.9700","4","0","8","0","2015-08-14 16:19:45",
"41123","70000926","Abacus & Associates Inc.","58","9","13146.9100","25","0","33","0","2015-03-17 18:40:38",
"17330","70000927","A.R. Schmeidler & Company Inc.","245","22","32891.4800","0","107","0","0","2015-08-14 16:19:45",
"21250","70000928","Godfrey & Kahn","370","44","35605.5600","0","0","370","0","2015-08-13 18:14:44",
"18816","70000931","Fiduciary Trust Company","1769","33","1176451.6200","0","0","56","1713","",
"24110","70000932","Greenleaf & Burleson Wealth Management, LLC","39","5","54478.9900","1","0","38","0","2014-11-14 15:02:02",
"22589","70000934","Edgar County Bank and Trust","36","4","16963.6300","0","0","36","0","2015-08-13 17:51:38",
"19260","70000935","Mountain Pacific Investment Advisors","299","11","56687.3400","107","0","192","0","2015-08-14 15:49:36",
"41103","70000937","Personal Money Planning","8","3","325.6800","0","0","8","0","2015-08-14 16:13:03",
"21285","70000938","Northwestern Bank","41","6","1757.7100","40","0","1","0","2014-11-14 15:02:02",
"9655","70000939","Patton Fund Management","17","2","172.6800","17","0","0","0","2015-08-13 19:24:07",
"20402","70000940","InvesTrust","45","13","30410.3400","0","19","26","0","2014-11-14 15:02:02",
"41070","70000941","Journey Tree Financial Planning & Investments","9","1","284.0000","9","0","0","0","",
"22221","70000942","MB Financial Bank","100","9","13416.3700","1","0","99","0","2015-08-13 18:14:44",
"41107","70000943","Watkins Financial Limited","2","1","131.6800","0","0","2","0","",
"24591","70000944","Wabash Capital, Inc","8","4","295.5500","0","0","8","0","2015-08-14 16:13:03",
"41135","70000946","Enterprise Trust & Investment Company","60","14","17459.4600","0","0","60","0","2015-08-13 17:51:38",
"37799","70000947","Senvest Master Fund LP","6","6","49918.7500","0","0","6","0","2015-03-19 16:25:40",
"20020","70000952","GTRUST Financial Partners","52","15","9654.8100","0","8","44","0","",
"41128","70000954","Nepsis Capital Management","237","3","21598.9700","0","0","237","0","2014-11-13 19:57:52",
"22365","70000957","PremierBank","110","5","11194.2400","0","0","110","0","2015-03-19 14:21:12",
"24903","70000959","Verity Investment Partners","40","5","2588.5500","0","0","40","0","2015-08-13 19:20:37",
"31968","70000962","Gibraltar Capital Management","16","4","2179.3400","0","0","16","0","2015-03-19 14:21:12",
"21413","70000963","American Investment & Trust","9","5","845.7900","0","0","9","0","2015-03-18 16:15:23",
"20971","70000964","Sand Hill Global Advisors","16","6","1743.3100","3","0","13","0","2015-08-13 19:20:37",
"20097","70000965","Cypress Trust Company","394","16","67839.6100","0","0","394","0","2015-08-13 19:26:48",
"23972","70000966","Altair Advisers LLC","541","20","75412.6200","257","0","284","0","2015-08-26 14:05:20",
"23743","70000967","Financial Focus, Inc","18","7","249.0800","0","3","15","0","2015-08-26 14:13:45",
"13320","70000968","Evanston Advisors","24","9","667.5200","0","18","6","0","2015-08-13 19:26:48",
"22109","70000969","Home State Bank","31","8","1194.7700","0","0","31","0","2015-08-13 18:14:44",
"21278","70000970","Steuben Trust Company","37","12","2427.3600","0","0","37","0","2015-08-13 19:20:37",
"32096","70000971","Inverness Investment Group LLC","38","8","3349.7700","19","0","19","0","2015-08-26 13:57:29",
"22819","70000972","Alaska Trust Company","3","1","29.4300","3","0","0","0","",
"40936","70001031","Maywood Firefighters Pension Fund","4","3","465.5500","0","0","4","0","",
"38411","70001038","Macomb Police Pension Fund","1","1","595.8700","0","0","1","0","",
"38241","70001039","Charleston Police Pension Fund","2","2","127.0200","0","0","2","0","",
"38240","70001040","Charleston Firefighters Pension Fund","2","2","145.9600","0","0","2","0","",
"7609","70001044","Crabel Capital Management","18","14","6624.7500","0","0","0","18","2015-08-13 19:24:07",
"20922","70001046","Murphy, Middleton, Hinkle & Parker","57","12","7765.3400","0","24","33","0","2015-08-14 15:49:36",
"21644","70001047","City Bank Trust","3","3","1397.3300","2","0","1","0","2015-08-26 14:05:20",
"41158","70001049","Amundi Asset Management","49","3","161604.5000","0","0","49","0","",
"20438","70001050","S&T Bank","165","13","11043.1900","0","0","38","0","",
"20295","70001051","Miramar Services","22","7","4984.6900","0","0","5","17","",
"32586","70001052","Signal Securities, Inc.","4","2","105.4400","4","0","0","0","2015-08-13 19:24:07",
"17953","70001055","The Pettyjohn Company","49","6","1111.8500","46","0","3","0","2015-08-26 14:07:12",
"19110","70001056","Bremer Trust N.A.","36","8","4153.4500","0","0","36","0","2015-08-13 17:45:46",
"21202","70001058","Seger-Elvekrog","9","6","7100.6300","0","5","4","0","2015-08-13 19:20:37",
"23754","70001061","Gould Asset Management, LLC","10","4","6532.2100","7","0","3","0","2015-08-26 14:13:45",
"11793","70001062","Deltec Asset Management, LLC","33","6","12856.6700","0","0","33","0","2015-08-13 19:24:07",
"15992","70001064","Trust Company of Illinois","22","5","1034.7300","0","0","22","0","2015-08-13 19:20:37",
"20818","70001065","Evergreen Capital Management","296","9","45439.4100","0","21","275","0","",
"21412","70001069","Ballston Spa National Bank","50","7","2142.8100","50","0","0","0","2015-08-26 13:57:29",
"19457","70001070","First Financial Bank","115","19","44790.5100","0","0","115","0","2015-08-13 18:11:09",
"21792","70001071","Farmers Bank & Capital Trust Company","23","5","2231.6300","0","0","23","0","2015-08-13 17:51:38",
"13062","70001072","Advance Capital Management, Inc.","7","6","14090.1100","0","0","7","0","2015-08-13 17:45:46",
"41147","70001073","CenterState Bank (TMN)","17","4","489.3500","0","10","7","0","2015-08-26 13:57:29",
"18022","70001075","L. Roy Papp & Associates, LLP","63","9","4639.6200","0","0","63","0","2015-08-14 16:13:03",
"21054","70001077","Moneta Group","125","11","17598.7600","0","0","115","0","",
"12483","70001079","Kanaly Trust","669","11","92450.1100","0","0","99","0","2015-03-19 16:25:40",
"20989","70001081","Sontag Advisory","43","7","9655.8600","0","19","24","0","2015-08-14 15:49:36",
"21695","70001082","DBA Community Bank and Trust","4","3","1185.9100","4","0","0","0","2015-08-13 17:51:38",
"24021","70001083","Burns Matteson Capital Management","18","6","2254.4200","15","0","3","0","2015-08-13 19:26:48",
"22829","70001084","West Michigan Bank & Trust","1","1","27.9300","0","0","1","0","2015-08-13 20:07:25",
"20263","70001085","North Point Portfolio Managers Corp.","293","6","15343.7500","0","127","166","0","2015-08-13 19:20:37",
"41166","70001090","CGL Family Office Services","5","2","159.4900","0","2","3","0","2015-03-18 16:15:23",
"41108","70001093","Robbins Financial Advisory Service, Inc","41","3","1324.1600","0","0","41","0","2015-03-18 19:23:42",
"10704","70001096","Mariner Holdings","8","4","763.0400","8","0","0","0","2015-08-13 19:24:07",
"1068","70001100","Lanexa Management LLC","1","1","11805.5600","0","0","1","0","2014-11-13 19:57:52",
"18348","70001101","Duncker, Streett & Co., LLC","72","12","24445.7200","0","46","26","0","2015-03-18 19:23:42",
"21093","70001104","Unified Trust Company","11","7","1250.5400","0","11","0","0","2015-08-13 19:20:37",
"19391","70001106","Tealwood Asset Management","184","8","20485.9700","0","130","54","0","2015-03-19 16:25:40",
"19848","70001107","Longbow Capital Partners, LP","2","1","10697.0800","0","0","2","0","2015-08-26 15:54:27",
"22601","70001108","Farmers State Bank & Trust Company","5","3","237.7800","5","0","0","0","",
"20257","70001109","Croft-Leominster, Inc.","10","3","385.8400","8","0","2","0","2015-08-13 19:26:48",
"2305","70001110","Independent Portfolio Consultants","814","18","85153.8400","0","420","394","0","",
"3289","70001111","Oberweis Asset Management, Inc.","52","4","11116.3100","0","0","52","0","2015-03-19 14:21:12",
"465","70001113","HAP Trading, LLC","29","16","120322.8500","0","0","29","0","2015-08-13 18:14:44",
"2248","70001115","Independence Capital Co, Inc","1","1","49.2400","1","0","0","0","",
"20036","70001116","Bank of New Hampshire","21","9","5061.1000","9","0","12","0","2015-08-26 13:57:29",
"21273","70001118","Community Bank and Trust Waco TX","25","3","1252.9100","23","0","2","0","2015-03-18 16:15:23",
"756","70001119","Meru Capital Group, LP","2","1","13881.2300","0","0","0","2","",
"22297","70001120","Northwest Savings Bank","64","3","5621.5400","64","0","0","0","2015-08-14 16:13:03",
"20913","70001121","Meridian Trust & Investment Company","21","10","4121.9000","0","21","0","0","2015-08-26 15:50:27",
"19599","70001123","Gruber & McBaine Capital Management, LLC","3","2","7443.0000","3","0","0","0","",
"20700","70001126","Regent Investment Management LLC","27","10","14541.0900","2","0","25","0","2015-08-13 19:30:42",
"18942","70001127","1st Source Bank","76","12","15625.6800","0","11","65","0","",
"24832","70001128","Holcombe Financial","2","2","51.3600","0","1","1","0","2014-11-17 15:05:12",
"21001","70001129","Stillwater Investment Management","30","6","3758.5900","0","0","30","0","2015-08-13 19:20:37",
"22648","70001130","First National Bank of Wynne","8","3","49770.4300","0","5","3","0","2014-11-14 15:02:02",
"17601","70001131","Dunvegan Associates Inc","16","3","1993.7800","0","16","0","0","2015-08-26 14:26:29",
"20169","70001135","Foster & Motley, Inc.","174","12","18875.6800","0","0","174","0","2015-08-14 16:19:45",
"38079","70001136","Pine Haven Investment Counsel","6","4","323.5900","0","1","5","0","2015-08-26 14:17:29",
"45775","70001137","Glacier Peak Capital, LLC","1","1","14.8100","1","0","0","0","2015-08-13 19:24:07",
"18780","70001140","Seaward Management","70","7","12736.2300","0","0","70","0","2015-08-14 16:13:03",
"21950","70001141","First National Bank of Muscatine","3","3","1669.4300","0","1","2","0","2015-08-26 14:07:12",
"12122","70001142","State Street Bank & Trust Company","2","2","421.3600","1","0","1","0","2015-08-14 16:19:45",
"20405","70001148","AMG National Trust Bank","157","10","15348.0500","0","0","0","157","2015-08-13 19:26:48",
"23141","70001149","L & S Advisors Inc","40","4","2699.3900","0","36","4","0","2014-11-14 15:02:02",
"22780","70001151","United Bank & Trust","62","11","4268.8200","62","0","0","0","2015-08-13 19:20:37",
"21932","70001152","First National Bank in Olney","2","1","207.4800","0","0","2","0","2014-11-17 21:41:09",
"20469","70001153","First Columbia Bank & Trust Company","7","3","848.1300","6","0","1","0","2015-08-13 19:24:07",
"37369","70001156","Goulston & Storrs","3","2","145.0300","0","0","3","0","2015-08-13 19:34:42",
"38146","70001160","Dickmeyerboyce Financial Management, Inc","14","3","850.1000","0","4","10","0","2015-03-18 19:23:42",
"21256","70001161","Commonwealth Bank & Trust Company","119","11","17990.3600","0","0","119","0","2015-08-13 17:51:38",
"18107","70001165","Embarcadero/VanWagoner","3","2","1762.8600","3","0","0","0","",
"22061","70001166","Greenfield Banking Company","7","6","387.6400","7","0","0","0","2015-08-14 16:19:45",
"22196","70001167","Lincoln Savings Bank","21","6","5596.5700","21","0","0","0","2015-08-26 14:07:12",
"38303","70001170","Evergreen Park Police Pension Fund","1","1","457.4300","0","0","1","0","",
"22694","70001173","Oneida Savings Bank","2","2","36.4700","0","2","0","0","2015-08-13 19:20:37",
"21659","70001175","Coconut Grove Bank","26","6","8239.8800","0","12","14","0","2015-08-26 14:05:20",
"19141","70001178","Cutler Investment Group","11","2","1264.2200","0","0","11","0","2015-03-18 19:23:42",
"19583","70001182","First Interstate Bank","165","16","46209.9300","0","0","165","0","2015-08-13 18:11:09",
"24388","70001184","Zeke Capital Advisors","59","10","11988.0500","0","0","59","0","2015-08-13 19:20:37",
"22407","70001187","Salin Bank and Trust Company","23","7","16045.0500","0","0","0","23","2015-08-14 16:13:03",
"21892","70001188","Guaranty Bank and Trust Company","8","6","5591.2300","0","2","6","0","2014-11-17 21:54:00",
"342","70001190","Allston Trading LLC","6","6","11498.4600","2","0","0","4","",
"20394","70001192","Herring Bank","23","1","1322.8400","23","0","0","0","",
"46414","70001193","Princeton Portfolio Strategies Group LLC","32","7","10010.0100","0","25","7","0","2015-08-13 19:20:37",
"47349","70001197","Financial-360","2","1","442.1900","0","0","2","0","2015-08-14 16:19:45",
"21079","70001198","Western Adventist Foundation","7","2","392.6900","0","7","0","0","2015-08-26 14:17:29",
"20246","70001199","Cadence Bank","10","8","4123.7900","0","0","10","0","2015-08-13 17:45:46",
"3328","70001203","Russell Capital Management, LLC","11","3","1220.1400","1","1","9","0","2015-03-18 19:23:42",
"48048","70001204","iVelocity Fund LLC","1","1","703.3600","1","0","0","0","",
"11518","70001212","Cleary Gull Inc.","12","2","940.9500","0","0","12","0","2015-08-13 19:34:42",
"5217","70001213","The PrivateBank and Trust Company","115","15","26874.4600","2","0","0","113","2015-08-06 19:18:17",
"19474","70001216","Baker Boyer Bank","8","5","323.6500","0","0","8","0","2015-08-13 17:45:46",
"20907","70001219","Marquette Asset Management","30","4","2068.0100","12","0","18","0","2015-08-14 16:13:03",
"20620","70001220","GHP Investment Advisors","9","5","820.3700","0","0","9","0","2015-08-14 16:19:45",
"22497","70001222","State Bank of Cross Plains","1","1","144.1000","1","0","0","0","2015-03-18 19:23:42",
"1573","70001223","Busey Trust Company","48","4","5579.3700","0","0","48","0","2015-08-13 17:45:46",
"20969","70001224","Sageworth Trust Company","44","7","3145.4300","0","0","44","0","2015-08-13 19:24:07",
"37372","70001230","Banco Popular de Puerto Rico","2","1","810.5300","2","0","0","0","",
"21302","70001231","Baylake Bank","13","6","2362.0300","0","0","13","0","2015-08-13 17:45:46",
"22464","70001236","Southern Michigan Bank & Trust","14","4","695.6500","0","2","12","0","2015-08-13 18:30:31",
"46945","70001239","Commercial Bank and Trust Company","1","1","40.0600","1","0","0","0","",
"21856","70001251","First Bank Upper Michigan","6","1","278.8400","0","0","6","0","2015-03-18 19:23:42",
"19623","70001252","First National Bank in Sioux Falls","8","4","2624.2900","5","0","3","0","2015-08-13 19:24:07",
"20011","70001261","Idaho Trust Bank","1","1","9.9800","0","0","1","0","2015-03-19 14:21:12",
"21408","70001262","American Trust Center","1","1","37.1200","0","1","0","0","",
"19027","70001267","Integrated Holdings","94","3","2572571.5000","0","0","0","0","",
